{
  "best_global_step": null,
  "best_metric": null,
  "best_model_checkpoint": null,
  "epoch": 1.0,
  "eval_steps": 500,
  "global_step": 46,
  "is_hyper_param_search": false,
  "is_local_process_zero": true,
  "is_world_process_zero": true,
  "log_history": [
    {
      "epoch": 0.21798365122615804,
      "grad_norm": 0.13415993750095367,
      "learning_rate": 0.00016086956521739132,
      "loss": 0.9246570587158203,
      "step": 10
    },
    {
      "epoch": 0.4359673024523161,
      "grad_norm": 0.12852199375629425,
      "learning_rate": 0.0001173913043478261,
      "loss": 0.023730048537254335,
      "step": 20
    },
    {
      "epoch": 0.6539509536784741,
      "grad_norm": 0.05985916778445244,
      "learning_rate": 7.391304347826086e-05,
      "loss": 0.019396865367889406,
      "step": 30
    },
    {
      "epoch": 0.8719346049046321,
      "grad_norm": 0.08484270423650742,
      "learning_rate": 3.0434782608695656e-05,
      "loss": 0.023988597095012665,
      "step": 40
    }
  ],
  "logging_steps": 10,
  "max_steps": 46,
  "num_input_tokens_seen": 0,
  "num_train_epochs": 1,
  "save_steps": 500,
  "stateful_callbacks": {
    "TrainerControl": {
      "args": {
        "should_epoch_stop": false,
        "should_evaluate": false,
        "should_log": false,
        "should_save": true,
        "should_training_stop": true
      },
      "attributes": {}
    }
  },
  "total_flos": 1.604882616287232e+16,
  "train_batch_size": 2,
  "trial_name": null,
  "trial_params": null
}
